-- phpMyAdmin SQL Dump
-- version 5.0.2
-- https://www.phpmyadmin.net/
--
-- Hôte : 127.0.0.1:3306
-- Généré le : jeu. 09 déc. 2021 à 19:09
-- Version du serveur :  5.7.31
-- Version de PHP : 7.3.21

SET SQL_MODE = "NO_AUTO_VALUE_ON_ZERO";
START TRANSACTION;
SET time_zone = "+00:00";


/*!40101 SET @OLD_CHARACTER_SET_CLIENT=@@CHARACTER_SET_CLIENT */;
/*!40101 SET @OLD_CHARACTER_SET_RESULTS=@@CHARACTER_SET_RESULTS */;
/*!40101 SET @OLD_COLLATION_CONNECTION=@@COLLATION_CONNECTION */;
/*!40101 SET NAMES utf8mb4 */;

--
-- Base de données : `data_adresse`
--
CREATE DATABASE IF NOT EXISTS `data_adresse` DEFAULT CHARACTER SET latin1 COLLATE latin1_swedish_ci;
USE `data_adresse`;

-- --------------------------------------------------------

--
-- Structure de la table `commentaire`
--

DROP TABLE IF EXISTS `commentaire`;
CREATE TABLE IF NOT EXISTS `commentaire` (
  `id` int(11) NOT NULL AUTO_INCREMENT,
  `id_user` int(11) NOT NULL,
  `id_restaurant` int(255) DEFAULT NULL,
  `titre` varchar(80) DEFAULT NULL,
  `champ` varchar(500) DEFAULT NULL,
  `note` tinyint(4) DEFAULT NULL,
  PRIMARY KEY (`id`,`id_user`),
  KEY `id_user` (`id_user`),
  KEY `id_restaurant` (`id_restaurant`)
) ENGINE=InnoDB AUTO_INCREMENT=6 DEFAULT CHARSET=latin1;

--
-- Déchargement des données de la table `commentaire`
--

INSERT INTO `commentaire` (`id`, `id_user`, `id_restaurant`, `titre`, `champ`, `note`) VALUES
(1, 1, 1, 'Super SQL', 'youpi jaime le sql', 5),
(2, 1, 2, 'WANTED', 'Laurent Ruquier vous connaissez ?', 4),
(3, 3, 2, 'Guilde > Croisades', 'rpz la guilde', 5),
(4, 4, 1, 'BDD', 'fallait pas me laisser faire la base de donnees', 4),
(5, 2, 1, 'LETZZ GOOO', 'bonzoir', 0);

-- --------------------------------------------------------

--
-- Structure de la table `liste_restau`
--

DROP TABLE IF EXISTS `liste_restau`;
CREATE TABLE IF NOT EXISTS `liste_restau` (
  `id` int(11) NOT NULL AUTO_INCREMENT,
  `name` varchar(100) NOT NULL,
  `address` varchar(300) DEFAULT NULL,
  `phone` varchar(300) DEFAULT NULL,
  `price` float(65,2) DEFAULT NULL,
  `specialty` varchar(100) DEFAULT NULL,
  `moreInfo` varchar(300) DEFAULT NULL,
  `website` varchar(300) DEFAULT NULL,
  `image` varchar(100) DEFAULT NULL,
  `carte` varchar(500) DEFAULT NULL,
  PRIMARY KEY (`id`)
) ENGINE=InnoDB AUTO_INCREMENT=30 DEFAULT CHARSET=latin1;

--
-- Déchargement des données de la table `liste_restau`
--

INSERT INTO `liste_restau` (`id`, `name`, `address`, `phone`, `price`, `specialty`, `moreInfo`, `website`, `image`, `carte`) VALUES
(1, 'Au Vieux de la Vieille', '2 Rue des Vieux Murs, \n59000 Lille', '', 15.00, 'Spécialités du Nord', 'Jeux flamands', '', 'auvieuxdelavieille.jpg', 'https://www.google.com/maps/embed?pb=!1m18!1m12!1m3!1d2530.258019262623!2d3.0591754149730606!3d50.64089908150589!2m3!1f0!2f0!3f0!3m2!1i1024!2i768!4f13.1!3m3!1m2!1s0x47c32a784481177b%3A0x82bee9edce02d71e!2s2%20Rue%20des%20Vieux%20Murs%2C%2059800%20Lille!5e0!3m2!1sfr!2sfr!4v1638117357367!5m2!1sfr!2sfr'),
(2, 'La Connivence', '32 rue de Gand, 59000 Lille', '', 14.00, 'Spécialités du Nord', 'La Planche de la Connivence', '', 'connivence.jpg', 'https://www.google.com/maps/embed?pb=!1m18!1m12!1m3!1d2530.203138531238!2d3.063819814973092!3d50.641918381432326!2m3!1f0!2f0!3f0!3m2!1i1024!2i768!4f13.1!3m3!1m2!1s0x47c32a7706514ea5%3A0x1fe8f601094d4b53!2s32%20Rue%20de%20Gand%2C%2059800%20Lille!5e0!3m2!1sfr!2sfr!4v1638382714320!5m2!1sfr!2sfr'),
(3, 'Le Chat qui Fume', '3 rue Henri Kolb, 59000 Lille', '', 15.00, 'Spécialités du Nord', 'Welsh et carbonade \nPropriétaire très sympatique', '', 'chat.jpg', 'https://www.google.com/maps/embed?pb=!1m18!1m12!1m3!1d2530.875134098322!2d3.053152614972506!3d50.629436382334006!2m3!1f0!2f0!3f0!3m2!1i1024!2i768!4f13.1!3m3!1m2!1s0x47c2d5834e1627c3%3A0x15f7d5929cfac669!2s3%20Rue%20Henri%20Kolb%2C%2059000%20Lille!5e0!3m2!1sfr!2sfr!4v1638382775880!5m2!1sfr!2sfr'),
(4, 'Pancook', '125 rue Colbert, 59000 Lille', '', 15.00, 'Spécialités du Nord et autre', 'Carte change régulièrement', '', 'Pancook.jpg', 'https://www.google.com/maps/embed?pb=!1m18!1m12!1m3!1d2530.748485955128!2d3.0414699149726543!3d50.63178898216409!2m3!1f0!2f0!3f0!3m2!1i1024!2i768!4f13.1!3m3!1m2!1s0x47c2d57a2d0ae917%3A0x4bf20dc139c9c1ad!2s125%20Rue%20Colbert%2C%2059800%20Lille!5e0!3m2!1sfr!2sfr!4v1638382869133!5m2!1sfr!2sfr'),
(5, 'Le Yol', '13 Place Jacquard, 59000 Lille', '', 16.00, 'Kurde', 'Shelow brinj', '', 'yol.jpg', 'https://www.google.com/maps/embed?pb=!1m18!1m12!1m3!1d2530.762606632327!2d3.0622057149726176!3d50.631526682182944!2m3!1f0!2f0!3f0!3m2!1i1024!2i768!4f13.1!3m3!1m2!1s0x47c2d58f09a68d23%3A0x7794ac7b24273af!2s13%20Pl.%20Jacquard%2C%2059800%20Lille!5e0!3m2!1sfr!2sfr!4v1638382921321!5m2!1sfr!2sfr'),
(6, 'Le Zango', '36 rue de Gand', '', 22.50, 'cuisine des 5 continents', '', '', 'zango.jpeg', 'https://www.google.com/maps/embed?pb=!1m18!1m12!1m3!1d2530.1983250550143!2d3.0638887149731384!3d50.642007781425775!2m3!1f0!2f0!3f0!3m2!1i1024!2i768!4f13.1!3m3!1m2!1s0x47c32a77068fa263%3A0x7f52e4966014f298!2s36%20Rue%20de%20Gand%2C%2059800%20Lille!5e0!3m2!1sfr!2sfr!4v1638481589741!5m2!1sfr!2sfr'),
(7, 'Le Jet Lag', '129 Rue Saint-André', '', 0.00, 'cuisine des 5 continents', 'Ambiance avion', '', 'jetlag.jpg', 'https://www.google.com/maps/embed?pb=!1m18!1m12!1m3!1d2529.9785461530328!2d3.0532036149733335!3d50.64608958113083!2m3!1f0!2f0!3f0!3m2!1i1024!2i768!4f13.1!3m3!1m2!1s0x47c32a7c497422e9%3A0xfe29229634bfa5c1!2s129%20Rue%20Saint-Andr%C3%A9%2C%2059800%20Lille!5e0!3m2!1sfr!2sfr!4v1638481635235!5m2!1sfr!2sfr'),
(8, 'Saveurs des îles', '266 rue Léon Gambetta', '', 17.00, 'La Réunion & Ile Maurice', '', '', 'Saveursdesiles.jpg', 'https://www.google.com/maps/embed?pb=!1m18!1m12!1m3!1d2530.939920785048!2d3.0491801149724678!3d50.62823288242092!2m3!1f0!2f0!3f0!3m2!1i1024!2i768!4f13.1!3m3!1m2!1s0x47c2d59d4719bbe7%3A0x436833122af857de!2s266%20Rue%20L%C3%A9on%20Gambetta%2C%2059800%20Lille!5e0!3m2!1sfr!2sfr!4v1638481730338!5m2!1sfr!2sfr'),
(9, 'Le Touloulou', '19 Rue Saint-André, 59800 Lille', '', 16.00, 'Créole', '', 'http://www.touloulou-lille.com/menus-carte/', 'touloulou.jpg', 'https://www.google.com/maps/embed?pb=!1m18!1m12!1m3!1d2530.1262137056247!2d3.056890714973207!3d50.643347081329!2m3!1f0!2f0!3f0!3m2!1i1024!2i768!4f13.1!3m3!1m2!1s0x47c32a7940490473%3A0x1adaf5147d799d64!2s19%20Rue%20Saint-Andr%C3%A9%2C%2059800%20Lille!5e0!3m2!1sfr!2sfr!4v1638481775631!5m2!1sfr!2sfr'),
(10, 'Lîle de Crète', '86 rue de Gand', '', 18.00, 'Grecque', '', '', 'iledecrete.jpg', 'https://www.google.com/maps/embed?pb=!1m18!1m12!1m3!1d2530.116279643753!2d3.065699414973181!3d50.64353158131568!2m3!1f0!2f0!3f0!3m2!1i1024!2i768!4f13.1!3m3!1m2!1s0x47c32a76c68aaac5%3A0x5109325f4472f8d2!2s86%20Rue%20de%20Gand%2C%2059800%20Lille!5e0!3m2!1sfr!2sfr!4v1638481836737!5m2!1sfr!2sfr'),
(11, 'Le Baba Yaga', '261 rue Solférino', '', 14.00, 'Russe /  ukrainienne', 'Plats changent toutes les semaines', '', 'babayaga.jpg', 'https://www.google.com/maps/embed?pb=!1m18!1m12!1m3!1d2531.0385655896607!2d3.0619880149723757!3d50.626400382553236!2m3!1f0!2f0!3f0!3m2!1i1024!2i768!4f13.1!3m3!1m2!1s0x47c2d590577be8c3%3A0xbcf2ea4e45b2bcbc!2s261%20Rue%20Solf%C3%A9rino%2C%2059000%20Lille!5e0!3m2!1sfr!2sfr!4v1638481886781!5m2!1sfr!2sfr'),
(12, 'Delicia do Brasil', '17 Rue Jacquemars Giélée', '', 14.00, 'Brésilienne', '', '', 'deliciadobrazil.jpg', 'https://www.google.com/maps/embed?pb=!1m18!1m12!1m3!1d2530.7399047780773!2d3.0563107149726396!3d50.63194838215255!2m3!1f0!2f0!3f0!3m2!1i1024!2i768!4f13.1!3m3!1m2!1s0x47c2d5845bcc5af7%3A0x2732f3baeefecda2!2s17%20Rue%20Jacquemars%20Gi%C3%A9l%C3%A9e%2C%2059800%20Lille!5e0!3m2!1sfr!2sfr!4v1638481935215!5m2!1sfr!2sfr'),
(13, 'Tumi', '4 rue d\'Inkermann', '', 15.00, 'Péruvienne', '', '', 'tumi.jpg', 'https://www.google.com/maps/embed?pb=!1m18!1m12!1m3!1d2530.790169524593!2d3.058078314972616!3d50.63101468221989!2m3!1f0!2f0!3f0!3m2!1i1024!2i768!4f13.1!3m3!1m2!1s0x47c2d54c466b131f%3A0xf2e66fe4094e460c!2sTUMI!5e0!3m2!1sfr!2sfr!4v1638481980109!5m2!1sfr!2sfr'),
(14, 'Shahi Palais', '14 rue d\'Amiens', '', 14.00, 'indienne et pakistanaise', '', '', 'shahipalais.jpg', 'https://www.google.com/maps/embed?pb=!1m18!1m12!1m3!1d2530.640783764868!2d3.0618559149727287!3d50.633789582019546!2m3!1f0!2f0!3f0!3m2!1i1024!2i768!4f13.1!3m3!1m2!1s0x47c2d58f4a4fb8e5%3A0x5f9c46a55821818c!2s14%20Rue%20d&#39;Amiens%2C%2059800%20Lille!5e0!3m2!1sfr!2sfr!4v1638482030585!5m2!1sfr!2sfr'),
(15, 'Oum Falafel', '1 rue Charles Quint', '', 0.00, 'Libanaise', '', '', 'oumfalafel.jpg', 'https://www.google.com/maps/embed?pb=!1m18!1m12!1m3!1d2530.957324446719!2d3.0483368149724557!3d50.6279095824442!2m3!1f0!2f0!3f0!3m2!1i1024!2i768!4f13.1!3m3!1m2!1s0x47c2d59d5d79e17d%3A0x685a2336acab4895!2s1%20Rue%20Charles%20Quint%2C%2059800%20Lille!5e0!3m2!1sfr!2sfr!4v1638482114527!5m2!1sfr!2sfr'),
(16, 'Sweet Africa', '14 rue des Postes', '', 15.00, 'Africaine', '', '', 'sweetafrica.jpg', 'https://www.google.com/maps/embed?pb=!1m18!1m12!1m3!1d2530.9447440782596!2d3.055655614972469!3d50.62814328242737!2m3!1f0!2f0!3f0!3m2!1i1024!2i768!4f13.1!3m3!1m2!1s0x47c2d59b397133e1%3A0x8c69e3420eba6596!2s14%20Rue%20des%20Postes%2C%2059000%20Lille!5e0!3m2!1sfr!2sfr!4v1638482393338!5m2!1sfr!2sfr'),
(17, 'Métro, Boulot, PauPau', '13 rue Saint André', '', 2.50, 'espagnole', 'Tapas', '', 'metro.jpg', 'https://www.google.com/maps/embed?pb=!1m18!1m12!1m3!1d2530.1308334392784!2d3.057070614973195!3d50.64326128133525!2m3!1f0!2f0!3f0!3m2!1i1024!2i768!4f13.1!3m3!1m2!1s0x47c32a796ab8d71b%3A0x3f3e6926b3ab7c8f!2s13%20Rue%20Saint-Andr%C3%A9%2C%2059800%20Lille!5e0!3m2!1sfr!2sfr!4v1638482439010!5m2!1sfr!2sfr'),
(18, 'Le Rozó', '79 rue de la Monnaie', '', 0.00, 'Michelin', '', '', 'rozo.jpg', 'https://www.google.com/maps/embed?pb=!1m18!1m12!1m3!1d2530.2260643771083!2d3.059574414973084!3d50.641492581463005!2m3!1f0!2f0!3f0!3m2!1i1024!2i768!4f13.1!3m3!1m2!1s0x47c32a784965257b%3A0x182231be02a02bac!2s79%20Rue%20de%20la%20Monnaie%2C%2059800%20Lille!5e0!3m2!1sfr!2sfr!4v1638482512965!5m2!1sfr!2sfr'),
(19, 'La Petite Table', '59 rue de la Monnaie', '', 15.00, 'Estaminet', 'Welsh', '', 'petitetable.jpg', 'https://www.google.com/maps/embed?pb=!1m18!1m12!1m3!1d2530.2428844720052!2d3.060148414973089!3d50.64118018148554!2m3!1f0!2f0!3f0!3m2!1i1024!2i768!4f13.1!3m3!1m2!1s0x47c32a7839fe16e7%3A0x8269a71c3388a305!2s59%20Rue%20de%20la%20Monnaie%2C%2059800%20Lille!5e0!3m2!1sfr!2sfr!4v1638487287932!5m2!1sfr!2sfr'),
(20, 'Le Broc', '32 Place Louise de Bettignies', '', 0.00, '', 'Fromage', 'http://restaurant-lebroc.fr/', 'broc.jpg', 'https://www.google.com/maps/embed?pb=!1m18!1m12!1m3!1d2530.2374357171057!2d3.0633717149730786!3d50.64128138147825!2m3!1f0!2f0!3f0!3m2!1i1024!2i768!4f13.1!3m3!1m2!1s0x47c32a77a4553493%3A0xd5005d458ff3a0f1!2s32%20Pl.%20Louise%20de%20Bettignies%2C%2059800%20Lille!5e0!3m2!1sfr!2sfr!4v1638487333202!5m2!1sfr!2sfr'),
(21, 'Salsa Posada', '9 Rue Saint-André, 59000 Lille', '', 0.00, 'Mexicain', '', 'https://salsa-posada.zenchef.com/', 'salsaposada.jpg', 'https://www.google.com/maps/embed?pb=!1m18!1m12!1m3!1d2530.1342686221674!2d3.0571819149731785!3d50.643197481339826!2m3!1f0!2f0!3f0!3m2!1i1024!2i768!4f13.1!3m3!1m2!1s0x47c32a7914d50991%3A0xf901fb53c92b5a1a!2s9%20Rue%20Saint-Andr%C3%A9%2C%2059800%20Lille!5e0!3m2!1sfr!2sfr!4v1638487377204!5m2!1sfr!2sfr'),
(22, 'La Petite Cour', '17 Rue du Cure Saint-Etienne, 59800 Lille', '', 0.00, 'Français', '', 'http://www.lapetitecour-lille.fr/', 'petitecour.jpg', 'https://www.google.com/maps/embed?pb=!1m18!1m12!1m3!1d2530.395123368886!2d3.0602489149729393!3d50.638352581689816!2m3!1f0!2f0!3f0!3m2!1i1024!2i768!4f13.1!3m3!1m2!1s0x47c2d587e58a3913%3A0xa3d5f3fd8d0a27e2!2s17%20Rue%20du%20Cure%20Saint-Etienne%2C%2059800%20Lille!5e0!3m2!1sfr!2sfr!4v1638487422789!5m2!1sfr!2sfr'),
(23, 'Izumi', '2 Rue Jean Sans Peur, 59800 Lille', '', 0.00, 'Japonais', '', '', 'izumi.jpg', 'https://www.google.com/maps/embed?pb=!1m18!1m12!1m3!1d2530.6218766139527!2d3.0589026149727636!3d50.63414078199414!2m3!1f0!2f0!3f0!3m2!1i1024!2i768!4f13.1!3m3!1m2!1s0x47c2d58675720f21%3A0x82eed57f9b28c21b!2s2%20Rue%20Jean%20Sans%20Peur%2C%2059800%20Lille!5e0!3m2!1sfr!2sfr!4v1638487458126!5m2!1sfr!2sfr'),
(24, 'De Rode Koe', '29 Rue des trois Mollettes, 59800 Lille', '', 0.00, '', '', '', 'derodekoe.jpg', 'https://www.google.com/maps/embed?pb=!1m18!1m12!1m3!1d2530.268760565867!2d3.0577257149730586!3d50.6406995815203!2m3!1f0!2f0!3f0!3m2!1i1024!2i768!4f13.1!3m3!1m2!1s0x47c32a78f33e4181%3A0x84a0270cd5138c70!2s29%20Rue%20des%20trois%20Mollettes%2C%2059800%20Lille!5e0!3m2!1sfr!2sfr!4v1638487503968!5m2!1sfr!2sfr'),
(25, 'Les Petits Poissons', '\n66 boulevard Jean-Baptiste Lebas - Lille', '', 0.00, '', 'Fruits de mer', 'https://www.lespetitspoissons.fish/', 'petitspoissons.jpg', 'https://www.google.com/maps/embed?pb=!1m18!1m12!1m3!1d2531.11381920301!2d3.065708314972307!3d50.6250023826542!2m3!1f0!2f0!3f0!3m2!1i1024!2i768!4f13.1!3m3!1m2!1s0x47c2d593df0c1985%3A0x8308520f9731c6fc!2s66%20Bd%20Jean-Baptiste%20Lebas%2C%2059000%20Lille!5e0!3m2!1sfr!2sfr!4v1638487556842!5m2!1sfr!2sfr'),
(26, 'A Taaable', ' 62 Rue de Gand, 59000 Lille', '', 0.00, '', 'Moules frites', '', 'ataaable.jpg', 'https://www.google.com/maps/embed?pb=!1m18!1m12!1m3!1d2530.1564464750486!2d3.0647662149731456!3d50.64278558136957!2m3!1f0!2f0!3f0!3m2!1i1024!2i768!4f13.1!3m3!1m2!1s0x47c32a76e1406dfb%3A0x51d9603b504ddb4e!2s62%20Rue%20de%20Gand%2C%2059000%20Lille!5e0!3m2!1sfr!2sfr!4v1638487598687!5m2!1sfr!2sfr'),
(27, 'La Mamounia', '167 Rue des Postes, 59000 Lille', '', 0.00, 'Oriental', 'Couscous', '', 'mamounia.jpg', 'https://www.google.com/maps/embed?pb=!1m18!1m12!1m3!1d2531.2683158543555!2d3.0511050149722103!3d50.62213218286157!2m3!1f0!2f0!3f0!3m2!1i1024!2i768!4f13.1!3m3!1m2!1s0x47c2d59eeefe19b3%3A0xa3405624668335a7!2s167%20Rue%20des%20Postes%2C%2059000%20Lille!5e0!3m2!1sfr!2sfr!4v1638487637809!5m2!1sfr!2sfr'),
(28, 'Mian Dian', '113 Rue Meurein, 59800 Lille', '', 0.00, 'Chinois', '', '', 'miandian.jpg', 'https://www.google.com/maps/embed?pb=!1m18!1m12!1m3!1d2530.715668499716!2d3.04646491497267!3d50.632398582120004!2m3!1f0!2f0!3f0!3m2!1i1024!2i768!4f13.1!3m3!1m2!1s0x47c2d578f26a9f81%3A0xe79e12cd4fb76e54!2s113%20Rue%20Meurein%2C%2059800%20Lille!5e0!3m2!1sfr!2sfr!4v1638487672517!5m2!1sfr!2sfr'),
(29, 'Tiparothai', '8 Pl. Nouvelle Aventure, 59000 Lille', '', 0.00, 'Thaïlandais', '', '', 'tiparothai.jpg', 'https://www.google.com/maps/embed?pb=!1m18!1m12!1m3!1d2531.032649665893!2d3.0464519149724048!3d50.62651028254542!2m3!1f0!2f0!3f0!3m2!1i1024!2i768!4f13.1!3m3!1m2!1s0x47c2d576349c1c59%3A0x189ae77943817039!2s8%20Pl.%20Nouvelle%20Aventure%2C%2059000%20Lille!5e0!3m2!1sfr!2sfr!4v1638487706760!5m2!1sfr!2sfr');

-- --------------------------------------------------------

--
-- Structure de la table `utilisateur`
--

DROP TABLE IF EXISTS `utilisateur`;
CREATE TABLE IF NOT EXISTS `utilisateur` (
  `id_user` int(11) NOT NULL AUTO_INCREMENT,
  `login` varchar(100) DEFAULT NULL,
  `password` varchar(300) DEFAULT NULL,
  `lastName` varchar(100) DEFAULT NULL,
  `firstName` varchar(100) DEFAULT NULL,
  `mail` varchar(150) DEFAULT NULL,
  `adminPrivilege` tinyint(1) DEFAULT NULL,
  PRIMARY KEY (`id_user`)
) ENGINE=InnoDB AUTO_INCREMENT=9 DEFAULT CHARSET=latin1;

--
-- Déchargement des données de la table `utilisateur`
--

INSERT INTO `utilisateur` (`id_user`, `login`, `password`, `lastName`, `firstName`, `mail`, `adminPrivilege`) VALUES
(1, 'admin', '$argon2i$v=19$m=65536,t=22,p=1$8q3r1VGBF+cECd2b0KgTdQ$tgWeGtpOXIYE7gUOlvryRQ+N38sWkQi8J1kxxzak+04', 'Simoneau', 'Antoine', 'antoinesmu@gmail.com', 1),
(2, 'user', '$argon2i$v=19$m=65536,t=22,p=1$Z6RfjeSNT4wQea5RytnwQA$IEtXxunNWz9B+pAieSxp2P13Qtdb9ZdrkGA3dnckN/0', 'Mr', 'User', 'mruser@gmail.com', 0),
(3, 'neuveee', '$argon2i$v=19$m=65536,t=22,p=1$649FFgNQLr7FUB5L+vfWtw$NsgdjbN4Z0cAxwin0b2BUCLk+xm0qQu2j122pa6XbfI', 'NEUVILLE', 'Antoine', 'antoine.neuville1@gmail.com', 1),
(4, 'test', '$argon2i$v=19$m=65536,t=22,p=1$fG06jws8ct8iaLATQPcszQ$yM9Ys/U6IDj259KpqMa20wCqywu9uZW3pmUoANQdpKk', 'Test', 'Mr', 'test@test.fr', 0),
(5, 'test', '$argon2i$v=19$m=65536,t=22,p=1$31rDbP9NN6kHz2FSV4JS5w$EhuWxrjRBwzcLJxOU7rV8iIE28i/pyVA48dpxnnjYbA', 'Test', 'Mr', 'test@test.fr', 0),
(6, 'test2', '$argon2i$v=19$m=65536,t=22,p=1$suqz5StBU4X5YW469v2gOQ$F82DCxQaj04Rx8KtgrsPJ1rU29+Lt96Qx/wjqdJGcvM', 'Test', 'Test', 'testj@efef.fr', 0),
(7, 'essai', '$argon2i$v=19$m=65536,t=22,p=1$KGGvGEicwa9QTUyHOAZrew$9geIUl4C3CrAOj846Ug4qL2Lm+rHBT6MNt1CZERKhXk', 'NEUVILLE', 'Antoine', 'antoine.neuville1@gmail.com', 0),
(8, 'root', '$argon2i$v=19$m=65536,t=22,p=1$8q3r1VGBF+cECd2b0KgTdQ$tgWeGtpOXIYE7gUOlvryRQ+N38sWkQi8J1kxxzak+04', 'Dupond', 'Thomas', 'thomas.dupond@hotmail.fr', 0);

--
-- Contraintes pour les tables déchargées
--

--
-- Contraintes pour la table `commentaire`
--
ALTER TABLE `commentaire`
  ADD CONSTRAINT `commentaire_ibfk_1` FOREIGN KEY (`id_user`) REFERENCES `utilisateur` (`id_user`),
  ADD CONSTRAINT `commentaire_ibfk_2` FOREIGN KEY (`id_restaurant`) REFERENCES `liste_restau` (`id`);
COMMIT;

/*!40101 SET CHARACTER_SET_CLIENT=@OLD_CHARACTER_SET_CLIENT */;
/*!40101 SET CHARACTER_SET_RESULTS=@OLD_CHARACTER_SET_RESULTS */;
/*!40101 SET COLLATION_CONNECTION=@OLD_COLLATION_CONNECTION */;
